region,revenue,amount,count
EUROPE,2862.52,81.64,20
ASIA PACIFIC,2755.37,66.78999999999999,20
NORTH AMERICA,2655.52,64.78999999999999,20
UNKNOWN,324.91999999999996,53.989999999999995,5
